{"cameraMode":{"drawMode":0,"name":"Shaded","section":"Shading Mode"},"sceneLighting":true,"audioPlay":false,"sceneViewState":{"m_AlwaysRefresh":false,"showFog":true,"showSkybox":true,"showFlares":true,"showImageEffects":true,"showParticleSystems":true,"showVisualEffectGraphs":true,"m_FxEnabled":true},"in2DMode":false,"pivot":{"x":57.066123962402347,"y":25.483577728271486,"z":104.35403442382813},"rotation":{"x":0.02748413197696209,"y":-0.9223850965499878,"z":0.06681487709283829,"w":0.37946584820747378},"size":14.2210054397583,"orthographic":false}